keywords,count,relevance
Google Pixel-C,2,0.726734
substantial use,1,0.615069
Pixel-C box,1,0.569924
old ingress version use,1,0.555562
glass screen protector,3,0.555295
original Google Type-C Charger,1,0.552964
best Android tablet,2,0.54473
Pixel-C.,1,0.544654
USA-CA,1,0.544134
Best Buy,2,0.543841
iPad Pro,13,0.5487335
64GB,10,0.541526
Pixel C,190,0.7320582499999999
much ram,1,0.536304
great tablets,1,0.535689
Android recommendations,1,0.535679
Apple ecosystem,1,0.535228
USB Type-C,1,0.533877
DJi 15mm f,3,0.529467
Google Pixel C tablet,2,0.526656
new Samsung tablet,1,0.526414
work hours,1,0.525425
Pixel C replacement,1,0.52527
back of the tablet,1,0.525002
power button,6,0.524815
Pixel C 32gb,1,0.524576
slow charge,1,0.522962
little carrying case,1,0.521769
Tab s2,1,0.521157
couple months,2,0.520177
offline game apps,1,0.519549
Mint Pixel C tablet,1,0.519544
USA-MA,1,0.519288
keyboard,33,0.518379
small crack,1,0.518123
1440p option,2,0.518004
V-MODA Crossfade Wireless,2,0.517342
Tablet,19,0.517001
better home,1,0.516584
older emails,1,0.5163
good hands,1,0.516226
spotless mint condition,1,0.516068
Apple logo sticker imprint,1,0.51584
wife's Samsung Tab s5e,1,0.515763
late November,1,0.514743
great tablet,1,0.514545
couple years,1,0.514161
Logitech G613,1,0.513918
60-Day Warranty,1,0.513612
x1 carbon 3rd,1,0.513461
Google Pixel C,11,0.5933395
Pixel C.,7,0.5690200000000001
good use of Pixel C,1,0.591287
Pixel C team,1,0.579539
SVP Android,1,0.563439
android tablet,3,0.555556
New gaming apps start,1,0.549484
Pixel C price,2,0.541702
kind of use,1,0.54128
Pixel C look,1,0.541275
64GB model,1,0.53906
do list apps,1,0.537704
3D games,1,0.537658
Nexus 6P,5,0.534788
latest October version,1,0.531718
return colour of a screen pixel,1,0.529411
good use,1,0.52811
Pixel XL,4,0.527127
Apple iPad Mini,3,0.529101
D&D Beyond Beta app,1,0.523163
much need,1,0.522579
local screen,1,0.521845
Full OTA Images,1,0.519897
Surface Pro,10,0.5230455
long time,1,0.518832
latest version,1,0.518661
Nintendo New 3dsXL,1,0.518243
Google's solution,1,0.518175
Pixel C launcher,2,0.518119
small section of my screen,1,0.518063
Best Pixel C Uses,1,0.518001
USB C charger,1,0.517178
16GB LTE,1,0.517161
external storage data,2,0.516902
Tegra X1 vulnerability,1,0.516205
epub file,2,0.515801
OG Pixel XL,1,0.515555
Nexus 5X,4,0.515448
Developer Options,1,0.51539
media storage,2,0.51526
3rd party phone fix store,1,0.515175
Google Pixel C Tablet,3,0.514919
Asus G752VS Gaming Laptop,1,0.51442
little freak,1,0.513935
screen,18,0.513719
NPF26H,2,0.513671
C problem,1,0.513585
USB cable,1,0.513028
Pixel C's wifi country code,1,0.512909
Google Pixel C Review,3,0.681775
Pixel C Home Screen Layouts,1,0.667476
Google Support,1,0.583677
Pixel C keyboards,2,0.563205
new tablet charges,1,0.55349
signs of use,1,0.551815
Pixel C Redditors,1,0.550537
Galaxy Tab S2,1,0.547794
Android features,1,0.545524
third RMA'd Pixel C,1,0.538277
current Nexus devices,1,0.535796
good deal,2,0.534628
game controller devices,1,0.532652
guys home screen layouts,1,0.531967
defective Pixel C,1,0.531058
Asus G752VS,2,0.525911
6P e Pixel C,1,0.525196
First Android Tablet,1,0.524985
Pixel C tablet,7,0.524626
Chrome OS,4,0.52195
Tablets,2,0.521595
GOOGLE ASSISTANT,6,0.520573
new launcher,1,0.520075
Galaxy Tab S3,1,0.519589
original keyboard,1,0.518282
Google Store,3,0.518224
LG Watch Sport,2,0.517912
USA-VA,1,0.517752
high end Android tablet,1,0.517725
life cycle,1,0.516932
Pixel C 64GB,1,0.516832
much content,1,0.516454
biggest thing,1,0.51613
only explanation,1,0.515315
YouTube TV app,1,0.515244
stock image,1,0.514677
experience Google voice dictation,1,0.514322
Lenovo Tab,1,0.514203
personal experience,1,0.514004
battery life,3,0.513963
ton of other tablet,1,0.51349
Apple iPad Pro,2,0.513471
basic necessities,1,0.513407
first time,3,0.512961
